city,time,pm2_5,pm10,ozone
Bengaluru,2025-12-11 00:00:00,50.9,53.3,119
Kolkata,2025-12-11 00:00:00,187.2,190.5,44
Mumbai,2025-12-11 00:00:00,30.7,30.7,26
Bengaluru,2025-12-11 00:00:00,50.9,53.3,119
Delhi,2025-12-11 00:00:00,105.2,106.2,45
Bengaluru,2025-12-11 00:00:00,50.9,53.3,119
Delhi,2025-12-11 00:00:00,105.2,106.2,45
Delhi,2025-12-11 00:00:00,105.2,106.2,45
Hyderabad,2025-12-11 00:00:00,29.5,30.4,92
Hyderabad,2025-12-11 00:00:00,29.5,30.4,92
Bengaluru,2025-12-11 01:00:00,53.9,56.2,120
Delhi,2025-12-11 01:00:00,110.1,111.1,37
Mumbai,2025-12-11 01:00:00,29.8,29.9,23
Delhi,2025-12-11 01:00:00,110.1,111.1,37
Kolkata,2025-12-11 01:00:00,183.9,186.3,57
Delhi,2025-12-11 01:00:00,110.1,111.1,37
Bengaluru,2025-12-11 01:00:00,53.9,56.2,120
Bengaluru,2025-12-11 01:00:00,53.9,56.2,120
Hyderabad,2025-12-11 01:00:00,29.0,29.7,86
Hyderabad,2025-12-11 01:00:00,29.0,29.7,86
Bengaluru,2025-12-11 02:00:00,57.5,59.8,120
Delhi,2025-12-11 02:00:00,124.3,125.3,28
Mumbai,2025-12-11 02:00:00,32.2,32.4,24
Delhi,2025-12-11 02:00:00,124.3,125.3,28
Bengaluru,2025-12-11 02:00:00,57.5,59.8,120
Hyderabad,2025-12-11 02:00:00,30.2,30.7,79
Kolkata,2025-12-11 02:00:00,176.0,178.3,76
Bengaluru,2025-12-11 02:00:00,57.5,59.8,120
Delhi,2025-12-11 02:00:00,124.3,125.3,28
Hyderabad,2025-12-11 02:00:00,30.2,30.7,79
Bengaluru,2025-12-11 03:00:00,58.2,60.8,123
Delhi,2025-12-11 03:00:00,130.4,131.3,36
Hyderabad,2025-12-11 03:00:00,27.1,27.4,82
Mumbai,2025-12-11 03:00:00,36.2,36.3,40
Bengaluru,2025-12-11 03:00:00,58.2,60.8,123
Kolkata,2025-12-11 03:00:00,167.2,169.0,102
Delhi,2025-12-11 03:00:00,130.4,131.3,36
Hyderabad,2025-12-11 03:00:00,27.1,27.4,82
Delhi,2025-12-11 03:00:00,130.4,131.3,36
Bengaluru,2025-12-11 03:00:00,58.2,60.8,123
Delhi,2025-12-11 04:00:00,123.9,124.3,79
Mumbai,2025-12-11 04:00:00,38.8,38.8,84
Hyderabad,2025-12-11 04:00:00,21.7,22.0,105
Kolkata,2025-12-11 04:00:00,154.6,156.9,142
Bengaluru,2025-12-11 04:00:00,53.4,56.7,135
Bengaluru,2025-12-11 04:00:00,53.4,56.7,135
Hyderabad,2025-12-11 04:00:00,21.7,22.0,105
Delhi,2025-12-11 04:00:00,123.9,124.3,79
Bengaluru,2025-12-11 04:00:00,53.4,56.7,135
Delhi,2025-12-11 04:00:00,123.9,124.3,79
Hyderabad,2025-12-11 05:00:00,18.5,18.9,139
Delhi,2025-12-11 05:00:00,110.8,111.5,139
Bengaluru,2025-12-11 05:00:00,45.5,48.4,150
Mumbai,2025-12-11 05:00:00,39.7,39.7,143
Bengaluru,2025-12-11 05:00:00,45.5,48.4,150
Kolkata,2025-12-11 05:00:00,127.6,131.3,189
Delhi,2025-12-11 05:00:00,110.8,111.5,139
Hyderabad,2025-12-11 05:00:00,18.5,18.9,139
Bengaluru,2025-12-11 05:00:00,45.5,48.4,150
Delhi,2025-12-11 05:00:00,110.8,111.5,139
Mumbai,2025-12-11 06:00:00,38.6,38.6,198
Bengaluru,2025-12-11 06:00:00,40.7,43.1,160
Bengaluru,2025-12-11 06:00:00,40.7,43.1,160
Delhi,2025-12-11 06:00:00,90.3,91.0,183
Bengaluru,2025-12-11 06:00:00,40.7,43.1,160
Delhi,2025-12-11 06:00:00,90.3,91.0,183
Hyderabad,2025-12-11 06:00:00,16.8,17.2,163
Hyderabad,2025-12-11 06:00:00,16.8,17.2,163
Delhi,2025-12-11 06:00:00,90.3,91.0,183
Kolkata,2025-12-11 06:00:00,90.6,96.6,223
Delhi,2025-12-11 07:00:00,71.2,71.9,199
Hyderabad,2025-12-11 07:00:00,16.3,16.6,171
Mumbai,2025-12-11 07:00:00,40.2,40.2,248
Delhi,2025-12-11 07:00:00,71.2,71.9,199
Bengaluru,2025-12-11 07:00:00,38.2,40.2,161
Bengaluru,2025-12-11 07:00:00,38.2,40.2,161
Bengaluru,2025-12-11 07:00:00,38.2,40.2,161
Hyderabad,2025-12-11 07:00:00,16.3,16.6,171
Delhi,2025-12-11 07:00:00,71.2,71.9,199
Kolkata,2025-12-11 07:00:00,82.0,88.5,236
Bengaluru,2025-12-11 08:00:00,36.4,38.5,157
Mumbai,2025-12-11 08:00:00,47.4,47.4,292
Delhi,2025-12-11 08:00:00,61.7,62.2,199
Bengaluru,2025-12-11 08:00:00,36.4,38.5,157
Delhi,2025-12-11 08:00:00,61.7,62.2,199
Hyderabad,2025-12-11 08:00:00,15.7,16.0,169
Kolkata,2025-12-11 08:00:00,78.5,84.8,236
Hyderabad,2025-12-11 08:00:00,15.7,16.0,169
Delhi,2025-12-11 08:00:00,61.7,62.2,199
Bengaluru,2025-12-11 08:00:00,36.4,38.5,157
Bengaluru,2025-12-11 09:00:00,36.2,38.3,150
Bengaluru,2025-12-11 09:00:00,36.2,38.3,150
Hyderabad,2025-12-11 09:00:00,15.0,15.3,163
Delhi,2025-12-11 09:00:00,55.5,56.0,188
Hyderabad,2025-12-11 09:00:00,15.0,15.3,163
Mumbai,2025-12-11 09:00:00,49.5,49.7,313
Delhi,2025-12-11 09:00:00,55.5,56.0,188
Delhi,2025-12-11 09:00:00,55.5,56.0,188
Bengaluru,2025-12-11 09:00:00,36.2,38.3,150
Kolkata,2025-12-11 09:00:00,77.3,83.6,226
Bengaluru,2025-12-11 10:00:00,36.8,38.9,141
Hyderabad,2025-12-11 10:00:00,14.6,15.0,152
Mumbai,2025-12-11 10:00:00,47.8,48.3,293
Hyderabad,2025-12-11 10:00:00,14.6,15.0,152
Delhi,2025-12-11 10:00:00,52.0,52.5,163
Bengaluru,2025-12-11 10:00:00,36.8,38.9,141
Bengaluru,2025-12-11 10:00:00,36.8,38.9,141
Delhi,2025-12-11 10:00:00,52.0,52.5,163
Delhi,2025-12-11 10:00:00,52.0,52.5,163
Kolkata,2025-12-11 10:00:00,77.1,82.9,204
Delhi,2025-12-11 11:00:00,55.1,55.4,126
Bengaluru,2025-12-11 11:00:00,38.3,40.2,129
Delhi,2025-12-11 11:00:00,55.1,55.4,126
Mumbai,2025-12-11 11:00:00,43.7,44.4,250
Hyderabad,2025-12-11 11:00:00,14.6,15.0,136
Bengaluru,2025-12-11 11:00:00,38.3,40.2,129
Bengaluru,2025-12-11 11:00:00,38.3,40.2,129
Delhi,2025-12-11 11:00:00,55.1,55.4,126
Kolkata,2025-12-11 11:00:00,95.5,100.1,173
Hyderabad,2025-12-11 11:00:00,14.6,15.0,136
Kolkata,2025-12-11 12:00:00,120.6,125.7,142
Hyderabad,2025-12-11 12:00:00,18.1,18.4,119
Mumbai,2025-12-11 12:00:00,35.5,36.3,209
Bengaluru,2025-12-11 12:00:00,41.9,43.4,116
Bengaluru,2025-12-11 12:00:00,41.9,43.4,116
Delhi,2025-12-11 12:00:00,69.6,69.8,94
Delhi,2025-12-11 12:00:00,69.6,69.8,94
Delhi,2025-12-11 12:00:00,69.6,69.8,94
Bengaluru,2025-12-11 12:00:00,41.9,43.4,116
Hyderabad,2025-12-11 12:00:00,18.1,18.4,119
Delhi,2025-12-11 13:00:00,85.2,85.4,70
Delhi,2025-12-11 13:00:00,85.2,85.4,70
Bengaluru,2025-12-11 13:00:00,47.0,48.2,101
Bengaluru,2025-12-11 13:00:00,47.0,48.2,101
Mumbai,2025-12-11 13:00:00,27.4,28.5,181
Hyderabad,2025-12-11 13:00:00,24.0,24.3,102
Hyderabad,2025-12-11 13:00:00,24.0,24.3,102
Bengaluru,2025-12-11 13:00:00,47.0,48.2,101
Delhi,2025-12-11 13:00:00,85.2,85.4,70
Kolkata,2025-12-11 13:00:00,145.3,149.9,114
Hyderabad,2025-12-11 14:00:00,27.8,28.2,84
Bengaluru,2025-12-11 14:00:00,50.5,51.6,86
Mumbai,2025-12-11 14:00:00,23.3,24.5,156
Delhi,2025-12-11 14:00:00,96.4,96.9,49
Bengaluru,2025-12-11 14:00:00,50.5,51.6,86
Hyderabad,2025-12-11 14:00:00,27.8,28.2,84
Bengaluru,2025-12-11 14:00:00,50.5,51.6,86
Delhi,2025-12-11 14:00:00,96.4,96.9,49
Delhi,2025-12-11 14:00:00,96.4,96.9,49
Kolkata,2025-12-11 14:00:00,165.8,170.4,87
Hyderabad,2025-12-11 15:00:00,30.3,30.7,72
Bengaluru,2025-12-11 15:00:00,51.8,53.0,75
Hyderabad,2025-12-11 15:00:00,30.3,30.7,72
Delhi,2025-12-11 15:00:00,107.8,108.3,34
Delhi,2025-12-11 15:00:00,107.8,108.3,34
Delhi,2025-12-11 15:00:00,107.8,108.3,34
Bengaluru,2025-12-11 15:00:00,51.8,53.0,75
Mumbai,2025-12-11 15:00:00,23.6,24.6,135
Bengaluru,2025-12-11 15:00:00,51.8,53.0,75
Kolkata,2025-12-11 15:00:00,181.1,185.8,65
Delhi,2025-12-11 16:00:00,121.1,121.5,27
Bengaluru,2025-12-11 16:00:00,52.4,53.4,72
Hyderabad,2025-12-11 16:00:00,32.5,32.9,68
Mumbai,2025-12-11 16:00:00,26.7,27.5,117
Bengaluru,2025-12-11 16:00:00,52.4,53.4,72
Hyderabad,2025-12-11 16:00:00,32.5,32.9,68
Kolkata,2025-12-11 16:00:00,193.2,197.9,51
Delhi,2025-12-11 16:00:00,121.1,121.5,27
Bengaluru,2025-12-11 16:00:00,52.4,53.4,72
Delhi,2025-12-11 16:00:00,121.1,121.5,27
Bengaluru,2025-12-11 17:00:00,52.5,53.7,73
Kolkata,2025-12-11 17:00:00,201.6,206.3,41
Hyderabad,2025-12-11 17:00:00,34.9,35.5,68
Delhi,2025-12-11 17:00:00,133.6,134.1,25
Bengaluru,2025-12-11 17:00:00,52.5,53.7,73
Hyderabad,2025-12-11 17:00:00,34.9,35.5,68
Delhi,2025-12-11 17:00:00,133.6,134.1,25
Mumbai,2025-12-11 17:00:00,30.4,31.0,103
Delhi,2025-12-11 17:00:00,133.6,134.1,25
Bengaluru,2025-12-11 17:00:00,52.5,53.7,73
Mumbai,2025-12-11 18:00:00,33.2,33.5,90
Delhi,2025-12-11 18:00:00,138.3,138.8,24
Bengaluru,2025-12-11 18:00:00,51.7,52.9,75
Bengaluru,2025-12-11 18:00:00,51.7,52.9,75
Hyderabad,2025-12-11 18:00:00,36.6,37.3,70
Kolkata,2025-12-11 18:00:00,205.8,210.5,34
Delhi,2025-12-11 18:00:00,138.3,138.8,24
Hyderabad,2025-12-11 18:00:00,36.6,37.3,70
Bengaluru,2025-12-11 18:00:00,51.7,52.9,75
Delhi,2025-12-11 18:00:00,138.3,138.8,24
Hyderabad,2025-12-11 19:00:00,36.8,37.6,72
Bengaluru,2025-12-11 19:00:00,50.4,51.7,76
Mumbai,2025-12-11 19:00:00,32.5,32.6,79
Delhi,2025-12-11 19:00:00,135.5,136.0,24
Delhi,2025-12-11 19:00:00,135.5,136.0,24
Bengaluru,2025-12-11 19:00:00,50.4,51.7,76
Delhi,2025-12-11 19:00:00,135.5,136.0,24
Bengaluru,2025-12-11 19:00:00,50.4,51.7,76
Kolkata,2025-12-11 19:00:00,209.1,213.3,28
Mumbai,2025-12-11 20:00:00,30.6,30.7,71
Delhi,2025-12-11 20:00:00,132.2,132.7,24
Bengaluru,2025-12-11 20:00:00,49.8,51.1,77
Hyderabad,2025-12-11 20:00:00,37.0,38.0,74
Delhi,2025-12-11 20:00:00,132.2,132.7,24
Delhi,2025-12-11 20:00:00,132.2,132.7,24
Bengaluru,2025-12-11 20:00:00,49.8,51.1,77
Bengaluru,2025-12-11 20:00:00,49.8,51.1,77
Kolkata,2025-12-11 20:00:00,210.5,214.7,23
Bengaluru,2025-12-11 21:00:00,49.6,51.1,82
Hyderabad,2025-12-11 21:00:00,37.4,38.4,77
Bengaluru,2025-12-11 21:00:00,49.6,51.1,82
Delhi,2025-12-11 21:00:00,131.8,132.2,24
Delhi,2025-12-11 21:00:00,131.8,132.2,24
Mumbai,2025-12-11 21:00:00,28.8,28.9,63
Delhi,2025-12-11 21:00:00,131.8,132.2,24
Bengaluru,2025-12-11 21:00:00,49.6,51.1,82
Kolkata,2025-12-11 21:00:00,209.5,213.7,20
Delhi,2025-12-11 22:00:00,132.2,133.2,22
Mumbai,2025-12-11 22:00:00,27.6,27.8,56
Bengaluru,2025-12-11 22:00:00,50.6,52.2,93
Hyderabad,2025-12-11 22:00:00,37.1,38.3,80
Delhi,2025-12-11 22:00:00,132.2,133.2,22
Delhi,2025-12-11 22:00:00,132.2,133.2,22
Kolkata,2025-12-11 22:00:00,209.1,212.8,14
Bengaluru,2025-12-11 22:00:00,50.6,52.2,93
Bengaluru,2025-12-11 22:00:00,50.6,52.2,93
Hyderabad,2025-12-11 23:00:00,36.9,38.2,82
Bengaluru,2025-12-11 23:00:00,55.2,57.0,106
Delhi,2025-12-11 23:00:00,133.2,134.1,18
Delhi,2025-12-11 23:00:00,133.2,134.1,18
Bengaluru,2025-12-11 23:00:00,55.2,57.0,106
Mumbai,2025-12-11 23:00:00,27.0,27.2,50
Bengaluru,2025-12-11 23:00:00,55.2,57.0,106
Delhi,2025-12-11 23:00:00,133.2,134.1,18
Kolkata,2025-12-11 23:00:00,209.1,212.8,9
Mumbai,2025-12-12 00:00:00,27.1,27.3,45
Bengaluru,2025-12-12 00:00:00,55.1,56.8,116
Delhi,2025-12-12 00:00:00,136.4,136.9,17
Delhi,2025-12-12 00:00:00,136.4,136.9,17
Bengaluru,2025-12-12 00:00:00,55.1,56.8,116
Kolkata,2025-12-12 00:00:00,210.9,214.7,15
Hyderabad,2025-12-12 00:00:00,37.0,38.5,83
Bengaluru,2025-12-12 00:00:00,55.1,56.8,116
Delhi,2025-12-12 00:00:00,136.4,136.9,17
Mumbai,2025-12-12 01:00:00,28.3,28.5,36
Delhi,2025-12-12 01:00:00,144.4,144.8,13
Bengaluru,2025-12-12 01:00:00,56.6,58.1,118
Hyderabad,2025-12-12 01:00:00,40.5,42.1,77
Delhi,2025-12-12 01:00:00,144.4,144.8,13
Kolkata,2025-12-12 01:00:00,219.3,223.1,38
Bengaluru,2025-12-12 01:00:00,56.6,58.1,118
Delhi,2025-12-12 01:00:00,144.4,144.8,13
Bengaluru,2025-12-12 01:00:00,56.6,58.1,118
Bengaluru,2025-12-12 02:00:00,57.7,59.6,116
Kolkata,2025-12-12 02:00:00,218.4,221.2,73
Delhi,2025-12-12 02:00:00,159.3,160.2,12
Delhi,2025-12-12 02:00:00,159.3,160.2,12
Mumbai,2025-12-12 02:00:00,32.6,32.7,28
Bengaluru,2025-12-12 02:00:00,57.7,59.6,116
Hyderabad,2025-12-12 02:00:00,48.8,50.4,69
Bengaluru,2025-12-12 02:00:00,57.7,59.6,116
Delhi,2025-12-12 02:00:00,159.3,160.2,12
Kolkata,2025-12-12 03:00:00,187.7,189.5,109
Delhi,2025-12-12 03:00:00,162.5,163.4,28
Bengaluru,2025-12-12 03:00:00,54.0,55.9,117
Mumbai,2025-12-12 03:00:00,37.6,37.8,41
Bengaluru,2025-12-12 03:00:00,54.0,55.9,117
Hyderabad,2025-12-12 03:00:00,42.0,43.1,72
Delhi,2025-12-12 03:00:00,162.5,163.4,28
Bengaluru,2025-12-12 03:00:00,54.0,55.9,117
Delhi,2025-12-12 03:00:00,162.5,163.4,28
Hyderabad,2025-12-12 04:00:00,24.4,25.7,96
Bengaluru,2025-12-12 04:00:00,50.2,52.2,125
Bengaluru,2025-12-12 04:00:00,50.2,52.2,125
Delhi,2025-12-12 04:00:00,146.2,146.7,79
Delhi,2025-12-12 04:00:00,146.2,146.7,79
Mumbai,2025-12-12 04:00:00,41.1,41.3,87
Bengaluru,2025-12-12 04:00:00,50.2,52.2,125
Delhi,2025-12-12 04:00:00,146.2,146.7,79
Kolkata,2025-12-12 04:00:00,139.2,142.5,148
Kolkata,2025-12-12 05:00:00,90.8,94.3,188
Delhi,2025-12-12 05:00:00,124.3,125.3,149
Delhi,2025-12-12 05:00:00,124.3,125.3,149
Hyderabad,2025-12-12 05:00:00,19.5,20.8,131
Delhi,2025-12-12 05:00:00,124.3,125.3,149
Bengaluru,2025-12-12 05:00:00,45.8,47.8,137
Mumbai,2025-12-12 05:00:00,42.1,42.4,154
Bengaluru,2025-12-12 05:00:00,45.8,47.8,137
Bengaluru,2025-12-12 05:00:00,45.8,47.8,137
Bengaluru,2025-12-12 06:00:00,39.9,42.1,145
Bengaluru,2025-12-12 06:00:00,39.9,42.1,145
Bengaluru,2025-12-12 06:00:00,39.9,42.1,145
Delhi,2025-12-12 06:00:00,99.7,100.4,203
Delhi,2025-12-12 06:00:00,99.7,100.4,203
Mumbai,2025-12-12 06:00:00,42.1,42.4,217
Kolkata,2025-12-12 06:00:00,61.7,65.4,217
Hyderabad,2025-12-12 06:00:00,18.2,19.8,157
Delhi,2025-12-12 06:00:00,99.7,100.4,203
Bengaluru,2025-12-12 07:00:00,35.0,37.4,148
Delhi,2025-12-12 07:00:00,80.3,81.0,230
Delhi,2025-12-12 07:00:00,80.3,81.0,230
Delhi,2025-12-12 07:00:00,80.3,81.0,230
Mumbai,2025-12-12 07:00:00,46.0,46.3,278
Kolkata,2025-12-12 07:00:00,57.3,61.0,230
Bengaluru,2025-12-12 07:00:00,35.0,37.4,148
Hyderabad,2025-12-12 07:00:00,18.1,20.0,168
Bengaluru,2025-12-12 07:00:00,35.0,37.4,148
Delhi,2025-12-12 08:00:00,71.9,72.6,242
Hyderabad,2025-12-12 08:00:00,18.1,20.1,171
Bengaluru,2025-12-12 08:00:00,30.9,33.2,148
Bengaluru,2025-12-12 08:00:00,30.9,33.2,148
Kolkata,2025-12-12 08:00:00,54.9,58.6,232
Delhi,2025-12-12 08:00:00,71.9,72.6,242
Delhi,2025-12-12 08:00:00,71.9,72.6,242
Bengaluru,2025-12-12 08:00:00,30.9,33.2,148
Mumbai,2025-12-12 08:00:00,52.9,53.2,337
Kolkata,2025-12-12 09:00:00,53.9,57.4,224
Delhi,2025-12-12 09:00:00,68.2,69.2,237
Delhi,2025-12-12 09:00:00,68.2,69.2,237
Mumbai,2025-12-12 09:00:00,65.4,65.9,367
Bengaluru,2025-12-12 09:00:00,28.1,30.4,143
Hyderabad,2025-12-12 09:00:00,18.2,20.3,169
Bengaluru,2025-12-12 09:00:00,28.1,30.4,143
Bengaluru,2025-12-12 09:00:00,28.1,30.4,143
Delhi,2025-12-12 09:00:00,68.2,69.2,237
Mumbai,2025-12-12 10:00:00,53.3,53.9,351
Delhi,2025-12-12 10:00:00,67.1,68.0,211
Hyderabad,2025-12-12 10:00:00,18.6,20.7,160
Bengaluru,2025-12-12 10:00:00,26.8,29.0,129
Bengaluru,2025-12-12 10:00:00,26.8,29.0,129
Delhi,2025-12-12 10:00:00,67.1,68.0,211
Delhi,2025-12-12 10:00:00,67.1,68.0,211
Bengaluru,2025-12-12 10:00:00,26.8,29.0,129
Kolkata,2025-12-12 10:00:00,54.2,57.4,202
Delhi,2025-12-12 11:00:00,75.7,76.6,169
Kolkata,2025-12-12 11:00:00,69.2,71.7,171
Hyderabad,2025-12-12 11:00:00,19.3,21.3,146
Bengaluru,2025-12-12 11:00:00,27.1,29.1,111
Delhi,2025-12-12 11:00:00,75.7,76.6,169
Delhi,2025-12-12 11:00:00,75.7,76.6,169
Bengaluru,2025-12-12 11:00:00,27.1,29.1,111
Mumbai,2025-12-12 11:00:00,49.8,50.6,306
Bengaluru,2025-12-12 11:00:00,27.1,29.1,111
Delhi,2025-12-12 12:00:00,110.6,111.5,127
Hyderabad,2025-12-12 12:00:00,23.9,25.6,130
Delhi,2025-12-12 12:00:00,110.6,111.5,127
Bengaluru,2025-12-12 12:00:00,32.8,34.3,92
Delhi,2025-12-12 12:00:00,110.6,111.5,127
Kolkata,2025-12-12 12:00:00,91.0,93.6,141
Bengaluru,2025-12-12 12:00:00,32.8,34.3,92
Mumbai,2025-12-12 12:00:00,44.1,45.1,261
Bengaluru,2025-12-12 12:00:00,32.8,34.3,92
Mumbai,2025-12-12 13:00:00,35.9,37.0,221
Delhi,2025-12-12 13:00:00,147.6,148.5,89
Delhi,2025-12-12 13:00:00,147.6,148.5,89
Bengaluru,2025-12-12 13:00:00,41.3,42.8,73
Bengaluru,2025-12-12 13:00:00,41.3,42.8,73
Delhi,2025-12-12 13:00:00,147.6,148.5,89
Kolkata,2025-12-12 13:00:00,110.6,112.9,115
Bengaluru,2025-12-12 13:00:00,41.3,42.8,73
Hyderabad,2025-12-12 13:00:00,30.6,32.4,112
Mumbai,2025-12-12 14:00:00,30.9,32.1,181
Kolkata,2025-12-12 14:00:00,126.2,128.5,91
Bengaluru,2025-12-12 14:00:00,44.2,45.5,55
Delhi,2025-12-12 14:00:00,179.7,180.7,51
Delhi,2025-12-12 14:00:00,179.7,180.7,51
Delhi,2025-12-12 14:00:00,179.7,180.7,51
Bengaluru,2025-12-12 14:00:00,44.2,45.5,55
Hyderabad,2025-12-12 14:00:00,35.4,37.3,93
Bengaluru,2025-12-12 14:00:00,44.2,45.5,55
Delhi,2025-12-12 15:00:00,210.9,211.4,23
Bengaluru,2025-12-12 15:00:00,44.1,45.4,45
Kolkata,2025-12-12 15:00:00,138.3,140.6,72
Delhi,2025-12-12 15:00:00,210.9,211.4,23
Hyderabad,2025-12-12 15:00:00,38.9,40.7,79
Delhi,2025-12-12 15:00:00,210.9,211.4,23
Bengaluru,2025-12-12 15:00:00,44.1,45.4,45
Bengaluru,2025-12-12 15:00:00,44.1,45.4,45
Mumbai,2025-12-12 15:00:00,28.5,29.9,149
Delhi,2025-12-12 16:00:00,238.4,239.3,10
Hyderabad,2025-12-12 16:00:00,41.4,43.5,74
Delhi,2025-12-12 16:00:00,238.4,239.3,10
Bengaluru,2025-12-12 16:00:00,43.7,44.8,48
Kolkata,2025-12-12 16:00:00,148.1,150.4,60
Delhi,2025-12-12 16:00:00,238.4,239.3,10
Bengaluru,2025-12-12 16:00:00,43.7,44.8,48
Mumbai,2025-12-12 16:00:00,27.7,29.0,131
Bengaluru,2025-12-12 16:00:00,43.7,44.8,48
Delhi,2025-12-12 17:00:00,261.7,262.6,7
Bengaluru,2025-12-12 17:00:00,43.1,44.2,58
Hyderabad,2025-12-12 17:00:00,44.6,46.9,74
Delhi,2025-12-12 17:00:00,261.7,262.6,7
Bengaluru,2025-12-12 17:00:00,43.1,44.2,58
Kolkata,2025-12-12 17:00:00,153.2,155.5,53
Mumbai,2025-12-12 17:00:00,29.3,30.4,122
Delhi,2025-12-12 17:00:00,261.7,262.6,7
Bengaluru,2025-12-12 17:00:00,43.1,44.2,58
Delhi,2025-12-12 18:00:00,273.8,274.7,6
Bengaluru,2025-12-12 18:00:00,42.0,43.1,68
Delhi,2025-12-12 18:00:00,273.8,274.7,6
Bengaluru,2025-12-12 18:00:00,42.0,43.1,68
Delhi,2025-12-12 18:00:00,273.8,274.7,6
Mumbai,2025-12-12 18:00:00,32.5,33.3,113
Bengaluru,2025-12-12 18:00:00,42.0,43.1,68
Kolkata,2025-12-12 18:00:00,152.3,154.6,48
Hyderabad,2025-12-12 18:00:00,46.7,49.1,76
Delhi,2025-12-12 19:00:00,267.3,268.2,6
Bengaluru,2025-12-12 19:00:00,40.7,41.7,75
Bengaluru,2025-12-12 19:00:00,40.7,41.7,75
Delhi,2025-12-12 19:00:00,267.3,268.2,6
Bengaluru,2025-12-12 19:00:00,40.7,41.7,75
Mumbai,2025-12-12 19:00:00,35.3,36.0,101
Kolkata,2025-12-12 19:00:00,151.3,153.7,44
Hyderabad,2025-12-12 19:00:00,46.7,49.4,79
Delhi,2025-12-12 19:00:00,267.3,268.2,6
Delhi,2025-12-12 20:00:00,257.0,258.0,7
Kolkata,2025-12-12 20:00:00,151.8,153.7,43
Hyderabad,2025-12-12 20:00:00,47.0,49.8,83
Bengaluru,2025-12-12 20:00:00,39.8,40.6,82
Mumbai,2025-12-12 20:00:00,37.5,38.0,89
Bengaluru,2025-12-12 20:00:00,39.8,40.6,82
Bengaluru,2025-12-12 20:00:00,39.8,40.6,82
Delhi,2025-12-12 20:00:00,257.0,258.0,7
Delhi,2025-12-12 20:00:00,257.0,258.0,7
Mumbai,2025-12-12 21:00:00,38.5,38.9,78
Delhi,2025-12-12 21:00:00,245.9,246.8,9
Bengaluru,2025-12-12 21:00:00,39.3,40.3,86
Hyderabad,2025-12-12 21:00:00,47.6,50.5,87
Kolkata,2025-12-12 21:00:00,152.7,155.1,40
Bengaluru,2025-12-12 21:00:00,39.3,40.3,86
Bengaluru,2025-12-12 21:00:00,39.3,40.3,86
Delhi,2025-12-12 21:00:00,245.9,246.8,9
Delhi,2025-12-12 21:00:00,245.9,246.8,9
Kolkata,2025-12-12 22:00:00,155.1,157.4,32
Mumbai,2025-12-12 22:00:00,38.8,39.1,69
Bengaluru,2025-12-12 22:00:00,39.3,40.4,87
Delhi,2025-12-12 22:00:00,238.0,238.4,9
Delhi,2025-12-12 22:00:00,238.0,238.4,9
Bengaluru,2025-12-12 22:00:00,39.3,40.4,87
Bengaluru,2025-12-12 22:00:00,39.3,40.4,87
Hyderabad,2025-12-12 22:00:00,48.3,51.5,91
Delhi,2025-12-12 22:00:00,238.0,238.4,9
Kolkata,2025-12-12 23:00:00,159.3,161.6,23
Bengaluru,2025-12-12 23:00:00,40.4,41.6,85
Hyderabad,2025-12-12 23:00:00,49.1,52.4,94
Bengaluru,2025-12-12 23:00:00,40.4,41.6,85
Bengaluru,2025-12-12 23:00:00,40.4,41.6,85
Delhi,2025-12-12 23:00:00,232.4,233.3,8
Delhi,2025-12-12 23:00:00,232.4,233.3,8
Mumbai,2025-12-12 23:00:00,38.6,38.9,62
Delhi,2025-12-12 23:00:00,232.4,233.3,8
Bengaluru,2025-12-13 00:00:00,44.1,45.5,81
Mumbai,2025-12-13 00:00:00,38.5,38.8,57
Bengaluru,2025-12-13 00:00:00,44.1,45.5,81
Delhi,2025-12-13 00:00:00,229.1,230.0,10
Delhi,2025-12-13 00:00:00,229.1,230.0,10
Hyderabad,2025-12-13 00:00:00,49.7,53.2,95
Kolkata,2025-12-13 00:00:00,162.5,164.8,26
Bengaluru,2025-12-13 00:00:00,44.1,45.5,81
Delhi,2025-12-13 00:00:00,229.1,230.0,10
Bengaluru,2025-12-13 01:00:00,51.7,53.1,72
Mumbai,2025-12-13 01:00:00,38.3,38.6,48
Kolkata,2025-12-13 01:00:00,169.5,171.8,48
Bengaluru,2025-12-13 01:00:00,51.7,53.1,72
Bengaluru,2025-12-13 01:00:00,51.7,53.1,72
Delhi,2025-12-13 01:00:00,232.8,233.3,9
Delhi,2025-12-13 01:00:00,232.8,233.3,9
Delhi,2025-12-13 01:00:00,232.8,233.3,9
Hyderabad,2025-12-13 01:00:00,52.9,56.5,90
Delhi,2025-12-13 02:00:00,250.5,251.5,10
Bengaluru,2025-12-13 02:00:00,55.9,57.0,60
Bengaluru,2025-12-13 02:00:00,55.9,57.0,60
Mumbai,2025-12-13 02:00:00,41.3,41.7,42
Bengaluru,2025-12-13 02:00:00,55.9,57.0,60
Delhi,2025-12-13 02:00:00,250.5,251.5,10
Hyderabad,2025-12-13 02:00:00,61.0,64.7,84
Delhi,2025-12-13 02:00:00,250.5,251.5,10
Kolkata,2025-12-13 02:00:00,163.0,164.4,83
Bengaluru,2025-12-13 03:00:00,55.2,56.1,59
Mumbai,2025-12-13 03:00:00,44.2,44.6,55
Delhi,2025-12-13 03:00:00,271.9,271.9,34
Hyderabad,2025-12-13 03:00:00,56.5,59.1,86
Delhi,2025-12-13 03:00:00,271.9,271.9,34
Bengaluru,2025-12-13 03:00:00,55.2,56.1,59
Bengaluru,2025-12-13 03:00:00,55.2,56.1,59
Kolkata,2025-12-13 03:00:00,137.4,138.8,117
Delhi,2025-12-13 03:00:00,271.9,271.9,34
Delhi,2025-12-13 04:00:00,215.1,215.6,104
Bengaluru,2025-12-13 04:00:00,34.8,37.7,77
Bengaluru,2025-12-13 04:00:00,34.8,37.7,77
Hyderabad,2025-12-13 04:00:00,31.5,34.3,107
Bengaluru,2025-12-13 04:00:00,34.8,37.7,77
Delhi,2025-12-13 04:00:00,215.1,215.6,104
Kolkata,2025-12-13 04:00:00,106.6,108.0,151
Mumbai,2025-12-13 04:00:00,47.7,48.2,101
Delhi,2025-12-13 04:00:00,215.1,215.6,104
Delhi,2025-12-13 05:00:00,175.6,176.5,196
Bengaluru,2025-12-13 05:00:00,22.4,26.5,104
Delhi,2025-12-13 05:00:00,175.6,176.5,196
Mumbai,2025-12-13 05:00:00,49.8,50.3,168
Hyderabad,2025-12-13 05:00:00,24.4,26.8,136
Bengaluru,2025-12-13 05:00:00,22.4,26.5,104
Delhi,2025-12-13 05:00:00,175.6,176.5,196
Kolkata,2025-12-13 05:00:00,68.2,69.6,185
Bengaluru,2025-12-13 05:00:00,22.4,26.5,104
Mumbai,2025-12-13 06:00:00,49.5,50.1,234
Bengaluru,2025-12-13 06:00:00,16.6,20.4,126
Delhi,2025-12-13 06:00:00,135.5,136.4,266
Delhi,2025-12-13 06:00:00,135.5,136.4,266
Bengaluru,2025-12-13 06:00:00,16.6,20.4,126
Hyderabad,2025-12-13 06:00:00,22.8,24.7,159
Bengaluru,2025-12-13 06:00:00,16.6,20.4,126
Delhi,2025-12-13 06:00:00,135.5,136.4,266
Kolkata,2025-12-13 06:00:00,47.1,48.7,210
Delhi,2025-12-13 07:00:00,106.2,107.1,295
Delhi,2025-12-13 07:00:00,106.2,107.1,295
Bengaluru,2025-12-13 07:00:00,14.6,17.8,137
Bengaluru,2025-12-13 07:00:00,14.6,17.8,137
Hyderabad,2025-12-13 07:00:00,23.0,24.7,169
Mumbai,2025-12-13 07:00:00,54.5,55.3,304
Bengaluru,2025-12-13 07:00:00,14.6,17.8,137
Kolkata,2025-12-13 07:00:00,43.2,44.9,223
Delhi,2025-12-13 07:00:00,106.2,107.1,295
Hyderabad,2025-12-13 08:00:00,23.1,24.9,172
Delhi,2025-12-13 08:00:00,92.2,93.4,301
Mumbai,2025-12-13 08:00:00,68.2,69.2,373
Bengaluru,2025-12-13 08:00:00,13.9,16.6,143
Delhi,2025-12-13 08:00:00,92.2,93.4,301
Kolkata,2025-12-13 08:00:00,41.7,43.7,226
Bengaluru,2025-12-13 08:00:00,13.9,16.6,143
Bengaluru,2025-12-13 08:00:00,13.9,16.6,143
Delhi,2025-12-13 08:00:00,92.2,93.4,301
Bengaluru,2025-12-13 09:00:00,13.7,16.3,140
Hyderabad,2025-12-13 09:00:00,23.1,24.8,170
Bengaluru,2025-12-13 09:00:00,13.7,16.3,140
Mumbai,2025-12-13 09:00:00,69.4,70.3,410
Kolkata,2025-12-13 09:00:00,40.9,43.1,220
Delhi,2025-12-13 09:00:00,88.2,89.6,292
Delhi,2025-12-13 09:00:00,88.2,89.6,292
Bengaluru,2025-12-13 09:00:00,13.7,16.3,140
Delhi,2025-12-13 09:00:00,88.2,89.6,292
Mumbai,2025-12-13 10:00:00,61.0,61.9,393
Bengaluru,2025-12-13 10:00:00,13.6,16.1,125
Kolkata,2025-12-13 10:00:00,41.0,43.1,199
Delhi,2025-12-13 10:00:00,87.5,88.7,265
Bengaluru,2025-12-13 10:00:00,13.6,16.1,125
Delhi,2025-12-13 10:00:00,87.5,88.7,265
Bengaluru,2025-12-13 10:00:00,13.6,16.1,125
Delhi,2025-12-13 10:00:00,87.5,88.7,265
Hyderabad,2025-12-13 10:00:00,22.9,24.7,161
Kolkata,2025-12-13 11:00:00,53.8,55.5,169
Bengaluru,2025-12-13 11:00:00,14.4,17.0,103
Bengaluru,2025-12-13 11:00:00,14.4,17.0,103
Delhi,2025-12-13 11:00:00,110.8,112.0,222
Hyderabad,2025-12-13 11:00:00,23.2,24.9,145
Delhi,2025-12-13 11:00:00,110.8,112.0,222
Bengaluru,2025-12-13 11:00:00,14.4,17.0,103
Mumbai,2025-12-13 11:00:00,53.4,54.7,342
Delhi,2025-12-13 11:00:00,110.8,112.0,222
Bengaluru,2025-12-13 12:00:00,22.1,24.4,81
Kolkata,2025-12-13 12:00:00,76.1,77.8,140
Delhi,2025-12-13 12:00:00,149.0,150.4,178
Mumbai,2025-12-13 12:00:00,50.2,51.6,290
Delhi,2025-12-13 12:00:00,149.0,150.4,178
Bengaluru,2025-12-13 12:00:00,22.1,24.4,81
Hyderabad,2025-12-13 12:00:00,27.8,29.2,129
Bengaluru,2025-12-13 12:00:00,22.1,24.4,81
Delhi,2025-12-13 12:00:00,149.0,150.4,178
Mumbai,2025-12-13 13:00:00,42.4,43.8,243
Bengaluru,2025-12-13 13:00:00,31.8,34.5,61
Hyderabad,2025-12-13 13:00:00,34.1,35.5,110
Kolkata,2025-12-13 13:00:00,92.0,93.8,116
Delhi,2025-12-13 13:00:00,192.8,194.2,131
Delhi,2025-12-13 13:00:00,192.8,194.2,131
Bengaluru,2025-12-13 13:00:00,31.8,34.5,61
Bengaluru,2025-12-13 13:00:00,31.8,34.5,61
Delhi,2025-12-13 13:00:00,192.8,194.2,131
Delhi,2025-12-13 14:00:00,227.2,228.2,83
Bengaluru,2025-12-13 14:00:00,34.8,37.7,42
Bengaluru,2025-12-13 14:00:00,34.8,37.7,42
Hyderabad,2025-12-13 14:00:00,38.0,39.2,91
Delhi,2025-12-13 14:00:00,227.2,228.2,83
Bengaluru,2025-12-13 14:00:00,34.8,37.7,42
Mumbai,2025-12-13 14:00:00,36.0,37.7,194
Delhi,2025-12-13 14:00:00,227.2,228.2,83
Kolkata,2025-12-13 14:00:00,102.2,103.8,94
Bengaluru,2025-12-13 15:00:00,33.4,36.3,32
Delhi,2025-12-13 15:00:00,239.3,240.3,49
Bengaluru,2025-12-13 15:00:00,33.4,36.3,32
Bengaluru,2025-12-13 15:00:00,33.4,36.3,32
Delhi,2025-12-13 15:00:00,239.3,240.3,49
Mumbai,2025-12-13 15:00:00,32.7,34.3,154
Kolkata,2025-12-13 15:00:00,106.9,109.0,77
Delhi,2025-12-13 15:00:00,239.3,240.3,49
Hyderabad,2025-12-13 15:00:00,39.8,41.2,77
Delhi,2025-12-13 16:00:00,231.4,231.9,40
Kolkata,2025-12-13 16:00:00,110.6,113.4,66
Delhi,2025-12-13 16:00:00,231.4,231.9,40
Hyderabad,2025-12-13 16:00:00,41.2,42.6,74
Bengaluru,2025-12-13 16:00:00,31.7,34.7,37
Mumbai,2025-12-13 16:00:00,32.0,33.5,130
Delhi,2025-12-13 16:00:00,231.4,231.9,40
Bengaluru,2025-12-13 16:00:00,31.7,34.7,37
Bengaluru,2025-12-13 16:00:00,31.7,34.7,37
Delhi,2025-12-13 17:00:00,217.5,218.4,46
Delhi,2025-12-13 17:00:00,217.5,218.4,46
Hyderabad,2025-12-13 17:00:00,42.6,44.0,77
Bengaluru,2025-12-13 17:00:00,31.1,34.1,50
Bengaluru,2025-12-13 17:00:00,31.1,34.1,50
Delhi,2025-12-13 17:00:00,217.5,218.4,46
Mumbai,2025-12-13 17:00:00,34.6,35.9,115
Bengaluru,2025-12-13 17:00:00,31.1,34.1,50
Kolkata,2025-12-13 17:00:00,113.6,116.9,59
Bengaluru,2025-12-13 18:00:00,30.3,33.3,63
Delhi,2025-12-13 18:00:00,204.4,205.4,51
Bengaluru,2025-12-13 18:00:00,30.3,33.3,63
Bengaluru,2025-12-13 18:00:00,30.3,33.3,63
Mumbai,2025-12-13 18:00:00,38.2,39.2,102
Hyderabad,2025-12-13 18:00:00,42.7,44.2,82
Delhi,2025-12-13 18:00:00,204.4,205.4,51
Kolkata,2025-12-13 18:00:00,113.4,117.1,54
Delhi,2025-12-13 18:00:00,204.4,205.4,51
Delhi,2025-12-13 19:00:00,194.2,195.1,51
Kolkata,2025-12-13 19:00:00,112.9,116.9,50
Bengaluru,2025-12-13 19:00:00,29.7,32.7,72
Bengaluru,2025-12-13 19:00:00,29.7,32.7,72
Mumbai,2025-12-13 19:00:00,41.0,41.9,89
Delhi,2025-12-13 19:00:00,194.2,195.1,51
Delhi,2025-12-13 19:00:00,194.2,195.1,51
Hyderabad,2025-12-13 19:00:00,42.1,43.7,88
Bengaluru,2025-12-13 19:00:00,29.7,32.7,72
Bengaluru,2025-12-13 20:00:00,30.6,33.4,81
Kolkata,2025-12-13 20:00:00,112.5,116.2,47
Mumbai,2025-12-13 20:00:00,42.3,43.1,78
Bengaluru,2025-12-13 20:00:00,30.6,33.4,81
Delhi,2025-12-13 20:00:00,189.5,190.5,50
Delhi,2025-12-13 20:00:00,189.5,190.5,50
Hyderabad,2025-12-13 20:00:00,42.1,43.7,96
Bengaluru,2025-12-13 20:00:00,30.6,33.4,81
Delhi,2025-12-13 20:00:00,189.5,190.5,50
Delhi,2025-12-13 21:00:00,188.6,189.1,48
Bengaluru,2025-12-13 21:00:00,32.1,34.9,87
Hyderabad,2025-12-13 21:00:00,42.8,44.4,102
Delhi,2025-12-13 21:00:00,188.6,189.1,48
Delhi,2025-12-13 21:00:00,188.6,189.1,48
Bengaluru,2025-12-13 21:00:00,32.1,34.9,87
Mumbai,2025-12-13 21:00:00,42.7,43.4,69
Kolkata,2025-12-13 21:00:00,111.5,115.5,45
Bengaluru,2025-12-13 21:00:00,32.1,34.9,87
Hyderabad,2025-12-13 22:00:00,43.5,45.2,107
Kolkata,2025-12-13 22:00:00,111.3,115.0,40
Bengaluru,2025-12-13 22:00:00,34.0,36.8,89
Bengaluru,2025-12-13 22:00:00,34.0,36.8,89
Bengaluru,2025-12-13 22:00:00,34.0,36.8,89
Delhi,2025-12-13 22:00:00,187.7,188.6,45
Mumbai,2025-12-13 22:00:00,43.1,43.8,62
Delhi,2025-12-13 22:00:00,187.7,188.6,45
Delhi,2025-12-13 22:00:00,187.7,188.6,45
Bengaluru,2025-12-13 23:00:00,36.2,39.2,88
Bengaluru,2025-12-13 23:00:00,36.2,39.2,88
Delhi,2025-12-13 23:00:00,187.7,188.6,42
Hyderabad,2025-12-13 23:00:00,44.4,45.9,111
Kolkata,2025-12-13 23:00:00,112.0,115.9,36
Delhi,2025-12-13 23:00:00,187.7,188.6,42
Delhi,2025-12-13 23:00:00,187.7,188.6,42
Bengaluru,2025-12-13 23:00:00,36.2,39.2,88
Mumbai,2025-12-13 23:00:00,43.1,43.8,57
Mumbai,2025-12-14 00:00:00,42.6,43.4,52
Hyderabad,2025-12-14 00:00:00,45.8,47.4,112
Delhi,2025-12-14 00:00:00,189.1,189.5,40
Bengaluru,2025-12-14 00:00:00,39.1,42.3,85
Kolkata,2025-12-14 00:00:00,114.8,118.7,40
Delhi,2025-12-14 00:00:00,189.1,189.5,40
Bengaluru,2025-12-14 00:00:00,39.1,42.3,85
Bengaluru,2025-12-14 00:00:00,39.1,42.3,85
Delhi,2025-12-14 00:00:00,189.1,189.5,40
Kolkata,2025-12-14 01:00:00,123.9,128.5,58
Bengaluru,2025-12-14 01:00:00,45.3,48.7,79
Bengaluru,2025-12-14 01:00:00,45.3,48.7,79
Delhi,2025-12-14 01:00:00,197.0,197.4,30
Delhi,2025-12-14 01:00:00,197.0,197.4,30
Bengaluru,2025-12-14 01:00:00,45.3,48.7,79
Hyderabad,2025-12-14 01:00:00,50.1,51.6,108
Mumbai,2025-12-14 01:00:00,42.4,43.2,43
Delhi,2025-12-14 01:00:00,197.0,197.4,30
Bengaluru,2025-12-14 02:00:00,50.8,53.9,71
Hyderabad,2025-12-14 02:00:00,59.8,61.2,101
Delhi,2025-12-14 02:00:00,218.4,218.9,21
Kolkata,2025-12-14 02:00:00,122.5,126.7,84
Delhi,2025-12-14 02:00:00,218.4,218.9,21
Delhi,2025-12-14 02:00:00,218.4,218.9,21
Bengaluru,2025-12-14 02:00:00,50.8,53.9,71
Bengaluru,2025-12-14 02:00:00,50.8,53.9,71
Mumbai,2025-12-14 02:00:00,45.2,45.9,34
Bengaluru,2025-12-14 03:00:00,45.4,47.7,71
Hyderabad,2025-12-14 03:00:00,52.7,53.8,102
Bengaluru,2025-12-14 03:00:00,45.4,47.7,71
Delhi,2025-12-14 03:00:00,241.2,242.1,38
Bengaluru,2025-12-14 03:00:00,45.4,47.7,71
Delhi,2025-12-14 03:00:00,241.2,242.1,38
Kolkata,2025-12-14 03:00:00,105.9,108.5,112
Delhi,2025-12-14 03:00:00,241.2,242.1,38
Mumbai,2025-12-14 03:00:00,48.1,48.8,42
Bengaluru,2025-12-14 04:00:00,31.9,34.7,86
Delhi,2025-12-14 04:00:00,198.8,199.3,105
Kolkata,2025-12-14 04:00:00,84.3,86.6,143
Delhi,2025-12-14 04:00:00,198.8,199.3,105
Bengaluru,2025-12-14 04:00:00,31.9,34.7,86
Delhi,2025-12-14 04:00:00,198.8,199.3,105
Mumbai,2025-12-14 04:00:00,48.8,49.6,74
Bengaluru,2025-12-14 04:00:00,31.9,34.7,86
Hyderabad,2025-12-14 04:00:00,34.7,36.0,119
Mumbai,2025-12-14 05:00:00,48.9,49.9,121
Bengaluru,2025-12-14 05:00:00,23.9,25.9,109
Kolkata,2025-12-14 05:00:00,58.3,61.5,176
Bengaluru,2025-12-14 05:00:00,23.9,25.9,109
Delhi,2025-12-14 05:00:00,167.6,168.1,199
Delhi,2025-12-14 05:00:00,167.6,168.1,199
Bengaluru,2025-12-14 05:00:00,23.9,25.9,109
Delhi,2025-12-14 05:00:00,167.6,168.1,199
Hyderabad,2025-12-14 05:00:00,31.5,32.9,143
Bengaluru,2025-12-14 06:00:00,19.2,21.1,126
Bengaluru,2025-12-14 06:00:00,19.2,21.1,126
Delhi,2025-12-14 06:00:00,140.2,140.6,269
Delhi,2025-12-14 06:00:00,140.2,140.6,269
Bengaluru,2025-12-14 06:00:00,19.2,21.1,126
Mumbai,2025-12-14 06:00:00,50.4,51.5,175
Kolkata,2025-12-14 06:00:00,44.0,47.6,201
Delhi,2025-12-14 06:00:00,140.2,140.6,269
Hyderabad,2025-12-14 06:00:00,27.9,29.3,161
Hyderabad,2025-12-14 07:00:00,26.6,28.0,168
Mumbai,2025-12-14 07:00:00,58.1,59.3,242
Bengaluru,2025-12-14 07:00:00,16.7,18.9,134
Delhi,2025-12-14 07:00:00,118.0,119.2,298
Delhi,2025-12-14 07:00:00,118.0,119.2,298
Delhi,2025-12-14 07:00:00,118.0,119.2,298
Kolkata,2025-12-14 07:00:00,39.1,43.1,215
Bengaluru,2025-12-14 07:00:00,16.7,18.9,134
Bengaluru,2025-12-14 07:00:00,16.7,18.9,134
Delhi,2025-12-14 08:00:00,102.7,104.1,305
Bengaluru,2025-12-14 08:00:00,15.9,18.3,136
Mumbai,2025-12-14 08:00:00,70.5,71.7,316
Bengaluru,2025-12-14 08:00:00,15.9,18.3,136
Bengaluru,2025-12-14 08:00:00,15.9,18.3,136
Hyderabad,2025-12-14 08:00:00,26.1,27.7,170
Delhi,2025-12-14 08:00:00,102.7,104.1,305
Delhi,2025-12-14 08:00:00,102.7,104.1,305
Kolkata,2025-12-14 08:00:00,38.5,42.6,221
Hyderabad,2025-12-14 09:00:00,26.0,27.6,166
Mumbai,2025-12-14 09:00:00,74.5,75.7,362
Delhi,2025-12-14 09:00:00,94.1,95.2,295
Delhi,2025-12-14 09:00:00,94.1,95.2,295
Bengaluru,2025-12-14 09:00:00,15.5,18.0,132
Delhi,2025-12-14 09:00:00,94.1,95.2,295
Kolkata,2025-12-14 09:00:00,38.6,42.8,217
Bengaluru,2025-12-14 09:00:00,15.5,18.0,132
Bengaluru,2025-12-14 09:00:00,15.5,18.0,132
Kolkata,2025-12-14 10:00:00,39.8,43.9,200
Hyderabad,2025-12-14 10:00:00,25.7,27.5,157
Bengaluru,2025-12-14 10:00:00,15.8,18.0,120
Mumbai,2025-12-14 10:00:00,69.8,71.0,362
Delhi,2025-12-14 10:00:00,89.4,90.8,265
Delhi,2025-12-14 10:00:00,89.4,90.8,265
Delhi,2025-12-14 10:00:00,89.4,90.8,265
Bengaluru,2025-12-14 10:00:00,15.8,18.0,120
Bengaluru,2025-12-14 10:00:00,15.8,18.0,120
Bengaluru,2025-12-14 11:00:00,16.9,18.9,101
Delhi,2025-12-14 11:00:00,99.0,100.1,219
Delhi,2025-12-14 11:00:00,99.0,100.1,219
Bengaluru,2025-12-14 11:00:00,16.9,18.9,101
Kolkata,2025-12-14 11:00:00,61.7,65.2,175
Bengaluru,2025-12-14 11:00:00,16.9,18.9,101
Delhi,2025-12-14 11:00:00,99.0,100.1,219
Mumbai,2025-12-14 11:00:00,63.3,64.5,336
Hyderabad,2025-12-14 11:00:00,26.0,27.8,142
Hyderabad,2025-12-14 12:00:00,31.2,32.6,126
Bengaluru,2025-12-14 12:00:00,23.3,24.9,83
Bengaluru,2025-12-14 12:00:00,23.3,24.9,83
Bengaluru,2025-12-14 12:00:00,23.3,24.9,83
Delhi,2025-12-14 12:00:00,130.4,131.8,173
Delhi,2025-12-14 12:00:00,130.4,131.8,173
Delhi,2025-12-14 12:00:00,130.4,131.8,173
Mumbai,2025-12-14 12:00:00,60.8,61.9,305
Kolkata,2025-12-14 12:00:00,89.4,92.9,148
Hyderabad,2025-12-14 13:00:00,38.1,39.6,107
Delhi,2025-12-14 13:00:00,161.1,162.1,128
Delhi,2025-12-14 13:00:00,161.1,162.1,128
Delhi,2025-12-14 13:00:00,161.1,162.1,128
Kolkata,2025-12-14 13:00:00,113.9,117.3,122
Mumbai,2025-12-14 13:00:00,56.5,58.0,275
Bengaluru,2025-12-14 13:00:00,32.5,34.0,66
Bengaluru,2025-12-14 13:00:00,32.5,34.0,66
Bengaluru,2025-12-14 13:00:00,32.5,34.0,66
Delhi,2025-12-14 14:00:00,190.9,191.9,83
Kolkata,2025-12-14 14:00:00,133.2,136.4,95
Hyderabad,2025-12-14 14:00:00,42.5,43.9,86
Delhi,2025-12-14 14:00:00,190.9,191.9,83
Delhi,2025-12-14 14:00:00,190.9,191.9,83
Bengaluru,2025-12-14 14:00:00,36.6,38.0,49
Bengaluru,2025-12-14 14:00:00,36.6,38.0,49
Bengaluru,2025-12-14 14:00:00,36.6,38.0,49
Mumbai,2025-12-14 14:00:00,51.1,52.9,242
Delhi,2025-12-14 15:00:00,215.6,216.5,49
Delhi,2025-12-14 15:00:00,215.6,216.5,49
Mumbai,2025-12-14 15:00:00,46.3,48.2,212
Bengaluru,2025-12-14 15:00:00,37.3,38.5,40
Bengaluru,2025-12-14 15:00:00,37.3,38.5,40
Delhi,2025-12-14 15:00:00,215.6,216.5,49
Kolkata,2025-12-14 15:00:00,145.3,148.5,74
Hyderabad,2025-12-14 15:00:00,45.6,47.0,72
Bengaluru,2025-12-14 15:00:00,37.3,38.5,40
Mumbai,2025-12-14 16:00:00,42.0,43.9,189
Hyderabad,2025-12-14 16:00:00,48.3,49.7,68
Bengaluru,2025-12-14 16:00:00,37.3,38.4,45
Bengaluru,2025-12-14 16:00:00,37.3,38.4,45
Bengaluru,2025-12-14 16:00:00,37.3,38.4,45
Delhi,2025-12-14 16:00:00,236.6,237.5,32
Kolkata,2025-12-14 16:00:00,152.7,156.5,62
Delhi,2025-12-14 16:00:00,236.6,237.5,32
Delhi,2025-12-14 16:00:00,236.6,237.5,32
Bengaluru,2025-12-14 17:00:00,37.4,38.5,59
Kolkata,2025-12-14 17:00:00,155.5,160.7,57
Mumbai,2025-12-14 17:00:00,38.8,40.4,171
Delhi,2025-12-14 17:00:00,252.4,253.3,27
Bengaluru,2025-12-14 17:00:00,37.4,38.5,59
Hyderabad,2025-12-14 17:00:00,49.9,51.3,71
Delhi,2025-12-14 17:00:00,252.4,253.3,27
Bengaluru,2025-12-14 17:00:00,37.4,38.5,59
Delhi,2025-12-14 17:00:00,252.4,253.3,27
Hyderabad,2025-12-14 18:00:00,50.3,51.8,75
Delhi,2025-12-14 18:00:00,258.0,259.8,24
Bengaluru,2025-12-14 18:00:00,37.3,38.3,70
Mumbai,2025-12-14 18:00:00,36.1,37.4,154
Delhi,2025-12-14 18:00:00,258.0,259.8,24
Bengaluru,2025-12-14 18:00:00,37.3,38.3,70
Kolkata,2025-12-14 18:00:00,153.7,159.3,52
Delhi,2025-12-14 18:00:00,258.0,259.8,24
Bengaluru,2025-12-14 18:00:00,37.3,38.3,70
Delhi,2025-12-14 19:00:00,253.3,254.3,22
Hyderabad,2025-12-14 19:00:00,49.9,51.5,80
Kolkata,2025-12-14 19:00:00,151.3,156.9,47
Bengaluru,2025-12-14 19:00:00,36.6,37.7,76
Mumbai,2025-12-14 19:00:00,33.9,35.0,139
Delhi,2025-12-14 19:00:00,253.3,254.3,22
Bengaluru,2025-12-14 19:00:00,36.6,37.7,76
Delhi,2025-12-14 19:00:00,253.3,254.3,22
Bengaluru,2025-12-14 19:00:00,36.6,37.7,76
Bengaluru,2025-12-14 20:00:00,36.4,37.5,80
Delhi,2025-12-14 20:00:00,243.1,244.9,22
Delhi,2025-12-14 20:00:00,243.1,244.9,22
Delhi,2025-12-14 20:00:00,243.1,244.9,22
Bengaluru,2025-12-14 20:00:00,36.4,37.5,80
Hyderabad,2025-12-14 20:00:00,50.3,51.9,87
Kolkata,2025-12-14 20:00:00,150.4,156.0,44
Mumbai,2025-12-14 20:00:00,33.1,34.2,126
Bengaluru,2025-12-14 20:00:00,36.4,37.5,80
Bengaluru,2025-12-14 21:00:00,36.7,37.8,83
Delhi,2025-12-14 21:00:00,230.5,231.4,24
Delhi,2025-12-14 21:00:00,230.5,231.4,24
Mumbai,2025-12-14 21:00:00,33.9,34.9,114
Hyderabad,2025-12-14 21:00:00,51.0,52.7,93
Bengaluru,2025-12-14 21:00:00,36.7,37.8,83
Delhi,2025-12-14 21:00:00,230.5,231.4,24
Bengaluru,2025-12-14 21:00:00,36.7,37.8,83
Kolkata,2025-12-14 21:00:00,151.8,157.4,40
Delhi,2025-12-14 22:00:00,214.7,215.6,26
Mumbai,2025-12-14 22:00:00,34.9,36.0,101
Hyderabad,2025-12-14 22:00:00,51.8,53.6,98
Bengaluru,2025-12-14 22:00:00,37.6,38.9,83
Delhi,2025-12-14 22:00:00,214.7,215.6,26
Bengaluru,2025-12-14 22:00:00,37.6,38.9,83
Delhi,2025-12-14 22:00:00,214.7,215.6,26
Bengaluru,2025-12-14 22:00:00,37.6,38.9,83
Kolkata,2025-12-14 22:00:00,154.6,160.2,31
Kolkata,2025-12-14 23:00:00,156.5,161.6,21
Delhi,2025-12-14 23:00:00,196.5,197.4,29
Bengaluru,2025-12-14 23:00:00,40.3,41.8,82
Hyderabad,2025-12-14 23:00:00,52.6,54.4,102
Mumbai,2025-12-14 23:00:00,36.6,37.5,88
Delhi,2025-12-14 23:00:00,196.5,197.4,29
Delhi,2025-12-14 23:00:00,196.5,197.4,29
Bengaluru,2025-12-14 23:00:00,40.3,41.8,82
Bengaluru,2025-12-14 23:00:00,40.3,41.8,82
Delhi,2025-12-15 00:00:00,181.6,182.5,32
Mumbai,2025-12-15 00:00:00,38.0,38.8,78
Bengaluru,2025-12-15 00:00:00,44.7,46.3,82
Delhi,2025-12-15 00:00:00,181.6,182.5,32
Delhi,2025-12-15 00:00:00,181.6,182.5,32
Hyderabad,2025-12-15 00:00:00,54.4,56.1,104
Kolkata,2025-12-15 00:00:00,156.5,161.6,24
Bengaluru,2025-12-15 00:00:00,44.7,46.3,82
Bengaluru,2025-12-15 00:00:00,44.7,46.3,82
Bengaluru,2025-12-15 01:00:00,49.1,50.9,85
Bengaluru,2025-12-15 01:00:00,49.1,50.9,85
Kolkata,2025-12-15 01:00:00,162.1,167.6,47
Delhi,2025-12-15 01:00:00,177.9,178.8,31
Delhi,2025-12-15 01:00:00,177.9,178.8,31
Hyderabad,2025-12-15 01:00:00,59.3,61.0,101
Delhi,2025-12-15 01:00:00,177.9,178.8,31
Bengaluru,2025-12-15 01:00:00,49.1,50.9,85
Mumbai,2025-12-15 01:00:00,39.7,40.5,65
Delhi,2025-12-15 02:00:00,185.8,187.2,31
Delhi,2025-12-15 02:00:00,185.8,187.2,31
Bengaluru,2025-12-15 02:00:00,50.6,52.7,90
Mumbai,2025-12-15 02:00:00,44.0,44.9,54
Kolkata,2025-12-15 02:00:00,156.5,161.6,83
Bengaluru,2025-12-15 02:00:00,50.6,52.7,90
Hyderabad,2025-12-15 02:00:00,69.6,71.5,97
Bengaluru,2025-12-15 02:00:00,50.6,52.7,90
Delhi,2025-12-15 02:00:00,185.8,187.2,31
Delhi,2025-12-15 03:00:00,183.0,183.9,46
Kolkata,2025-12-15 03:00:00,126.7,129.9,117
Bengaluru,2025-12-15 03:00:00,50.3,52.2,98
Delhi,2025-12-15 03:00:00,183.0,183.9,46
Bengaluru,2025-12-15 03:00:00,50.3,52.2,98
Delhi,2025-12-15 03:00:00,183.0,183.9,46
Mumbai,2025-12-15 03:00:00,49.1,50.1,61
Hyderabad,2025-12-15 03:00:00,58.0,59.1,101
Bengaluru,2025-12-15 03:00:00,50.3,52.2,98
Bengaluru,2025-12-15 04:00:00,46.0,48.1,112
Hyderabad,2025-12-15 04:00:00,41.6,43.0,121
Delhi,2025-12-15 04:00:00,158.3,159.3,93
Delhi,2025-12-15 04:00:00,158.3,159.3,93
Kolkata,2025-12-15 04:00:00,95.2,98.3,148
Mumbai,2025-12-15 04:00:00,52.6,53.6,97
Bengaluru,2025-12-15 04:00:00,46.0,48.1,112
Delhi,2025-12-15 04:00:00,158.3,159.3,93
Bengaluru,2025-12-15 04:00:00,46.0,48.1,112
Bengaluru,2025-12-15 05:00:00,39.2,41.7,129
Kolkata,2025-12-15 05:00:00,57.0,60.8,178
Hyderabad,2025-12-15 05:00:00,36.9,38.3,148
Delhi,2025-12-15 05:00:00,131.3,132.2,156
Delhi,2025-12-15 05:00:00,131.3,132.2,156
Delhi,2025-12-15 05:00:00,131.3,132.2,156
Mumbai,2025-12-15 05:00:00,53.4,54.6,151
Bengaluru,2025-12-15 05:00:00,39.2,41.7,129
Bengaluru,2025-12-15 05:00:00,39.2,41.7,129
Delhi,2025-12-15 06:00:00,93.6,95.2,200
Mumbai,2025-12-15 06:00:00,54.4,55.6,205
Kolkata,2025-12-15 06:00:00,38.1,42.3,201
Delhi,2025-12-15 06:00:00,93.6,95.2,200
Bengaluru,2025-12-15 06:00:00,32.4,34.9,141
Delhi,2025-12-15 06:00:00,93.6,95.2,200
Hyderabad,2025-12-15 06:00:00,33.9,35.4,168
Bengaluru,2025-12-15 06:00:00,32.4,34.9,141
Bengaluru,2025-12-15 06:00:00,32.4,34.9,141
Bengaluru,2025-12-15 07:00:00,26.9,29.4,144
Delhi,2025-12-15 07:00:00,64.0,65.7,210
Delhi,2025-12-15 07:00:00,64.0,65.7,210
Delhi,2025-12-15 07:00:00,64.0,65.7,210
Hyderabad,2025-12-15 07:00:00,32.6,34.2,174
Mumbai,2025-12-15 07:00:00,57.6,58.9,263
Kolkata,2025-12-15 07:00:00,35.5,39.8,215
Bengaluru,2025-12-15 07:00:00,26.9,29.4,144
Bengaluru,2025-12-15 07:00:00,26.9,29.4,144
Bengaluru,2025-12-15 08:00:00,23.3,25.8,141
Bengaluru,2025-12-15 08:00:00,23.3,25.8,141
Delhi,2025-12-15 08:00:00,49.4,51.1,201
Kolkata,2025-12-15 08:00:00,35.4,39.6,220
Delhi,2025-12-15 08:00:00,49.4,51.1,201
Bengaluru,2025-12-15 08:00:00,23.3,25.8,141
Delhi,2025-12-15 08:00:00,49.4,51.1,201
Hyderabad,2025-12-15 08:00:00,32.4,34.0,172
Mumbai,2025-12-15 08:00:00,69.2,70.5,322
Delhi,2025-12-15 09:00:00,44.4,46.1,185
Bengaluru,2025-12-15 09:00:00,21.9,24.5,136
Delhi,2025-12-15 09:00:00,44.4,46.1,185
Delhi,2025-12-15 09:00:00,44.4,46.1,185
Hyderabad,2025-12-15 09:00:00,32.2,34.0,167
Bengaluru,2025-12-15 09:00:00,21.9,24.5,136
Bengaluru,2025-12-15 09:00:00,21.9,24.5,136
Kolkata,2025-12-15 09:00:00,35.3,39.3,216
Mumbai,2025-12-15 09:00:00,74.7,75.9,353
Delhi,2025-12-15 10:00:00,43.3,44.9,162
Hyderabad,2025-12-15 10:00:00,32.5,34.2,156
Bengaluru,2025-12-15 10:00:00,22.4,25.0,127
Mumbai,2025-12-15 10:00:00,69.8,71.2,333
Bengaluru,2025-12-15 10:00:00,22.4,25.0,127
Bengaluru,2025-12-15 10:00:00,22.4,25.0,127
Kolkata,2025-12-15 10:00:00,36.2,40.0,194
Delhi,2025-12-15 10:00:00,43.3,44.9,162
Delhi,2025-12-15 10:00:00,43.3,44.9,162
Kolkata,2025-12-15 11:00:00,52.0,54.9,162
Delhi,2025-12-15 11:00:00,45.4,46.8,132
Bengaluru,2025-12-15 11:00:00,24.2,26.6,115
Bengaluru,2025-12-15 11:00:00,24.2,26.6,115
Bengaluru,2025-12-15 11:00:00,24.2,26.6,115
Delhi,2025-12-15 11:00:00,45.4,46.8,132
Mumbai,2025-12-15 11:00:00,58.1,59.6,285
Delhi,2025-12-15 11:00:00,45.4,46.8,132
Hyderabad,2025-12-15 11:00:00,33.3,35.0,142
Delhi,2025-12-15 12:00:00,56.9,58.1,111
Bengaluru,2025-12-15 12:00:00,28.9,30.7,107
Delhi,2025-12-15 12:00:00,56.9,58.1,111
Delhi,2025-12-15 12:00:00,56.9,58.1,111
Mumbai,2025-12-15 12:00:00,51.0,52.6,248
Bengaluru,2025-12-15 12:00:00,28.9,30.7,107
Kolkata,2025-12-15 12:00:00,76.1,78.9,138
Bengaluru,2025-12-15 12:00:00,28.9,30.7,107
Hyderabad,2025-12-15 12:00:00,37.1,38.5,131
